Workbook
Name _100Print_Area_MI_24_7: "$#REF!.$A$1:$B$20"
Name _101Print_Area_MI_24_8: "$#REF!.$A$1:$B$20"
Name _102Print_Area_MI_24_9: "$#REF!.$A$1:$B$20"
Name _103Print_Area_MI_26_1: #REF!
Name _104Print_Area_MI_26_10: #REF!
Name _105Print_Area_MI_26_2: "$#REF!.$A$1:$H$19"
Name _106Print_Area_MI_26_3: "$#REF!.$A$1:$H$19"
Name _107Print_Area_MI_26_4: "$#REF!.$A$1:$H$19"
Name _108Print_Area_MI_26_5: "$#REF!.$A$1:$H$19"
Name _109Print_Area_MI_26_6: "$#REF!.$A$1:$H$19"
Name _10Excel_BuiltIn_Print_Area_1: #N/A
Name _110Print_Area_MI_26_7: "$#REF!.$A$1:$H$19"
Name _111Print_Area_MI_26_8: "$#REF!.$A$1:$H$19"
Name _112Print_Area_MI_26_9: "$#REF!.$A$1:$H$19"
Name _113Print_Area_MI_4_1: #REF!
Name _114Print_Area_MI_4_10: #REF!
Name _115Print_Area_MI_4_11: "$#REF!.$A$1:$G$23"
Name _116Print_Area_MI_4_12: "$#REF!.$A$1:$G$23"
Name _117Print_Area_MI_4_13: "$#REF!.$A$1:$G$23"
Name _118Print_Area_MI_4_14: "$#REF!.$A$1:$G$23"
Name _119Print_Area_MI_4_15: "$#REF!.$A$1:$G$23"
Name _11Excel_BuiltIn_Print_Area_3: "$#REF!.$A$1:$G$25"
Name _120Print_Area_MI_4_16: "$#REF!.$A$1:$G$23"
Name _121Print_Area_MI_4_17: "$#REF!.$A$1:$G$23"
Name _122Print_Area_MI_4_18: "$#REF!.$A$1:$G$23"
Name _123Print_Area_MI_4_19: #REF!
Name _124Print_Area_MI_4_2: #REF!
Name _125Print_Area_MI_4_3: #REF!
Name _126Print_Area_MI_4_4: "$#REF!.$A$1:$D$7"
Name _127Print_Area_MI_4_5: "$#REF!.$A$1:$B$7"
Name _128Print_Area_MI_4_6: "$#REF!.$A$1:$D$7"
Name _129Print_Area_MI_4_7: "$#REF!.$A$1:$B$7"
Name _12Excel_BuiltIn_Print_Area_4: "$#REF!.$A$1:$G$25"
Name _130Print_Area_MI_4_8: #REF!
Name _131Print_Area_MI_4_9: #REF!
Name _132s_1: #REF!
Name _133s_10: #REF!
Name _134s_2: #REF!
Name _135s_3: #REF!
Name _136s_4: #REF!
Name _137s_5: #REF!
Name _138s_6: #REF!
Name _139s_7: #REF!
Name _13Excel_BuiltIn_Print_Area_5: "$#REF!.$A$1:$G$25"
Name _140s_8: #REF!
Name _141s_9: #REF!
Name _14Excel_BuiltIn_Print_Area_6: "$#REF!.$A$1:$G$25"
Name _15Excel_BuiltIn_Print_Area_7: "$#REF!.$A$1:$G$25"
Name _16p_1: #REF!
Name _17p_10: #REF!
Name _18p_2: #REF!
Name _19p_3: #REF!
Name _1a_1: #REF!
Name _20p_4: #REF!
Name _21p_5: #REF!
Name _22p_6: #REF!
Name _23p_7: #REF!
Name _24p_8: #REF!
Name _25p_9: #REF!
Name _26Print_Area_MI_1: #REF!

Sheet Table 1_Summary Statistics
A1: Table 1. Summary Statistics for Construction Establishments by Industry Group: Philippines, 2022
A2: (Preliminary)
A4: 2009 PSIC Code | B4: Industry Description | C4: Number of Establishments | D4: Employment as of 15 November | F4: Total Revenue (in thousand PhP)
D5: Total | E5: Paid Employees
C7: (1) | D7: (2) | E7: (3) | F7: (4)
A9: F | B9: Construction | C9: 2239 | D9: 286849 | E9: 286251 | F9: 636243292
A11: F410 | B11: Construction of buildings | C11: 993 | D11: 89258 | E11: 89083 | F11: 227627925
A12: F421 | B12: Construction of roads and railways | C12: 348 | D12: 98198 | E12: 97922 | F12: 224529338
A13: F422 | B13: Construction of utility projects | C13: 110 | D13: 18141 | E13: 18131 | F13: 19183510
A14: F429 | B14: Construction of other civil engineering projects | C14: 173 | D14: 20717 | E14: 20689 | F14: 53975297
A15: F431 | B15: Demolition and site preparation | C15: 13 | D15: 3063 | E15: 3063 | F15: 12129837
A16: F432 | B16: Electrical, plumbing and other construction installation activities | C16: 424 | D16: 38390 | E16: 38325 | F16: 59335328
A17: F433 | B17: Building completion and finishing | C17: 72 | D17: 4293 | E17: 4282 | F17: 6694333
A18: F439 | B18: Other specialized construction activities | C18: 107 | D18: 14789 | E18: 14757 | F18: 32767723
A20: Table 1 --- Concluded
A22: 2009 PSIC Code | B22: Industry Description | C22: Expense (in thousand PhP)
C23: Total | D23: Compensation | E23: Other Expense
C25: (5) | D25: (6) | E25: (7)
A27: F | B27: Construction | C27: 554874946 | D27: 69786899 | E27: 485088047
A29: F410 | B29: Construction of buildings | C29: 201035337 | D29: 20851701 | E29: 180183636
A30: F421 | B30: Construction of roads and railways | C30: 191893972 | D30: 25195155 | E30: 166698818
A31: F422 | B31: Construction of utility projects | C31: 18583059 | D31: 4766531 | E31: 13816528
A32: F429 | B32: Construction of other civil engineering projects | C32: 46695424 | D32: 4553630 | E32: 42141794
A33: F431 | B33: Demolition and site preparation | C33: 8591747 | D33: 688102 | E33: 7903645
A34: F432 | B34: Electrical, plumbing and other construction installation activities | C34: 53252242 | D34: 9914482 | E34: 43337760
A35: F433 | B35: Building completion and finishing | C35: 6047698 | D35: 995073 | E35: 5052625
A36: F439 | B36: Other specialized construction activities | C36: 28775466 | D36: 2822225 | E36: 25953240
A40: Note: Details may not add-up to total due to rounding and/or statistical disclosure control.
A41: Source: Philippine Statistics Authority, 2022 Annual Survey of Philippine Business and Industry (Preliminary Results)

Sheet Table 2_Selected Indicators
A1: Table 2. Selected Indicators for Construction Establishments by Industry Group: Philippines, 2022
A2: (Preliminary)
A4: 2009 PSIC Code | B4: Industry Description | C4: Average Number of Workers per Establishment | D4: Average Annual Compensation per Paid Employee (in PhP) | E4: Revenue per Expense Ratio
C7: (1) | D7: (2) | E7: (3)
A9: F | B9: Construction | C9: ='Table 1_Summary Statistics'!D9/'Table 1_Summary Statistics'!C9 -> 128.11478 | D9: =('Table 1_Summary Statistics'!D27/'Table 1_Summary Statistics'!E9)*1000 -> 243796.18 | E9: ='Table 1_Summary Statistics'!F9/'Table 1_Summary Statistics'!C27 -> 1.1466427
A11: F410 | B11: Construction of buildings | C11: ='Table 1_Summary Statistics'!D11/'Table 1_Summary Statistics'!C11 -> 89.88721 | D11: =('Table 1_Summary Statistics'!D29/'Table 1_Summary Statistics'!E11)*1000 -> 234070.48 | E11: ='Table 1_Summary Statistics'!F11/'Table 1_Summary Statistics'!C29 -> 1.1322782
A12: F421 | B12: Construction of roads and railways | C12: ='Table 1_Summary Statistics'!D12/'Table 1_Summary Statistics'!C12 -> 282.17816 | D12: =('Table 1_Summary Statistics'!D30/'Table 1_Summary Statistics'!E12)*1000 -> 257298.21 | E12: ='Table 1_Summary Statistics'!F12/'Table 1_Summary Statistics'!C30 -> 1.1700698
A13: F422 | B13: Construction of utility projects | C13: ='Table 1_Summary Statistics'!D13/'Table 1_Summary Statistics'!C13 -> 164.91818 | D13: =('Table 1_Summary Statistics'!D31/'Table 1_Summary Statistics'!E13)*1000 -> 262893.99 | E13: ='Table 1_Summary Statistics'!F13/'Table 1_Summary Statistics'!C31 -> 1.0323117
A14: F429 | B14: Construction of other civil engineering projects | C14: ='Table 1_Summary Statistics'!D14/'Table 1_Summary Statistics'!C14 -> 119.75145 | D14: =('Table 1_Summary Statistics'!D32/'Table 1_Summary Statistics'!E14)*1000 -> 220099.09 | E14: ='Table 1_Summary Statistics'!F14/'Table 1_Summary Statistics'!C32 -> 1.1559012
A15: F431 | B15: Demolition and site preparation | C15: ='Table 1_Summary Statistics'!D15/'Table 1_Summary Statistics'!C15 -> 235.61538 | D15: =('Table 1_Summary Statistics'!D33/'Table 1_Summary Statistics'!E15)*1000 -> 224649.69 | E15: ='Table 1_Summary Statistics'!F15/'Table 1_Summary Statistics'!C33 -> 1.411801
A16: F432 | B16: Electrical, plumbing and other construction installation activities | C16: ='Table 1_Summary Statistics'!D16/'Table 1_Summary Statistics'!C16 -> 90.542453 | D16: =('Table 1_Summary Statistics'!D34/'Table 1_Summary Statistics'!E16)*1000 -> 258694.9 | E16: ='Table 1_Summary Statistics'!F16/'Table 1_Summary Statistics'!C34 -> 1.1142315
A17: F433 | B17: Building completion and finishing | C17: ='Table 1_Summary Statistics'!D17/'Table 1_Summary Statistics'!C17 -> 59.625 | D17: =('Table 1_Summary Statistics'!D35/'Table 1_Summary Statistics'!E17)*1000 -> 232385.1 | E17: ='Table 1_Summary Statistics'!F17/'Table 1_Summary Statistics'!C35 -> 1.1069225
A18: F439 | B18: Other specialized construction activities | C18: ='Table 1_Summary Statistics'!D18/'Table 1_Summary Statistics'!C18 -> 138.21495 | D18: =('Table 1_Summary Statistics'!D36/'Table 1_Summary Statistics'!E18)*1000 -> 191246.53 | E18: ='Table 1_Summary Statistics'!F18/'Table 1_Summary Statistics'!C36 -> 1.1387382
A21: Source: Philippine Statistics Authority, 2022 Annual Survey of Philippine Business and Industry (Preliminary Results)

Sheet Table 3_Summary Statistics
A1: Table 3. Summary Statistics for Construction Establishments by Region: Philippines, 2022
A2: (Preliminary)
A4: Region | C4: Number of Establishments | D4: Employment as of 15 November | F4: Total Revenue (in thousand PhP)
D5: Total | E5: Paid Employees
C7: (1) | D7: (2) | E7: (3) | F7: (4)
B9: Philippines | C9: 2239 | D9: 286849 | E9: 286251 | F9: 636243292
B11: National Capital Region (NCR) | C11: 856 | D11: 160781 | E11: 160748 | F11: 298276085
B12: Cordillera Administrative Region (CAR) | C12: 51 | D12: 2398 | E12: 2384 | F12: 7771867
B13: Region I (Ilocos Region) | C13: 51 | D13: 2454 | E13: 2427 | F13: 10315597
B14: Region II (Cagayan Valley) | C14: 26 | D14: 1982 | E14: 1966 | F14: 2255596
B15: Region III (Central Luzon) | C15: 176 | D15: 11876 | E15: 11869 | F15: 48155257
B16: Region IV-A (CALABARZON) | C16: 297 | D16: 34964 | E16: 34937 | F16: 62792782
B17: MIMAROPA Region | C17: 35 | D17: 1746 | E17: 1728 | F17: 2721767
B18: Region V (Bicol Region) | C18: 56 | D18: 6911 | E18: 6905 | F18: 33602208
B19: Region VI (Western Visayas) | C19: 102 | D19: 9731 | E19: 9714 | F19: 42973012
B20: Region VII (Central Visayas) | C20: 220 | D20: 19747 | E20: 19711 | F20: 29663594
B21: Region VIII (Eastern Visayas) | C21: 80 | D21: 5411 | E21: 5198 | F21: 14374679
... B27: Bangsamoro Autonomous Region in Muslim Mindanao (BARMM) | C27: 6 | D27: 195 | E27: 195 | F27: 287644
A29: Table 3 --- Concluded
A31: Region | C31: Expense (in thousand PhP)
C32: Total | D32: Compensation | E32: Other Expense
C34: (5) | D34: (6) | E34: (7)
B36: Philippines | C36: 554874946 | D36: 69786899 | E36: 485088047
B38: National Capital Region (NCR) | C38: 270505777 | D38: 41579880 | E38: 228925897
B39: Cordillera Administrative Region (CAR) | C39: 6961473 | D39: 450191 | E39: 6511282
B40: Region I (Ilocos Region) | C40: 8082680 | D40: 503075 | E40: 7579605
B41: Region II (Cagayan Valley) | C41: 2034138 | D41: 403558 | E41: 1630580
B42: Region III (Central Luzon) | C42: 40489406 | D42: 2652251 | E42: 37837156
B43: Region IV-A (CALABARZON) | C43: 55293150 | D43: 7707577 | E43: 47585573
B44: MIMAROPA Region | C44: 2148815 | D44: 335095 | E44: 1813720
B45: Region V (Bicol Region) | C45: 24932908 | D45: 1517355 | E45: 23415553
B46: Region VI (Western Visayas) | C46: 37622756 | D46: 2210066 | E46: 35412690
B47: Region VII (Central Visayas) | C47: 26505657 | D47: 4375009 | E47: 22130648
B48: Region VIII (Eastern Visayas) | C48: 10584378 | D48: 1169317 | E48: 9415062
... B54: Bangsamoro Autonomous Region in Muslim Mindanao (BARMM) | C54: 262676 | D54: 35565 | E54: 227111
A57: Note: Details may not add-up to total due to rounding and/or statistical disclosure control.
A58: Source: Philippine Statistics Authority, 2022 Annual Survey of Philippine Business and Industry (Preliminary Results)

Sheet Table 4_Selected Indicators
A1: Table 4. Selected Indicators for Construction Establishments by Region: Philippines, 2022
A2: (Preliminary)
A3: Region | C3: Average Number of Workers per Establishment | D3: Average Annual Compensation per Paid Employee (in PhP) | E3: Revenue per Expense Ratio
C5: (1) | D5: (2) | E5: (3)
B7: Philippines | C7: ='Table 3_Summary Statistics'!D9/'Table 3_Summary Statistics'!C9 -> 128.11478 | D7: =('Table 3_Summary Statistics'!D36/'Table 3_Summary Statistics'!E9)*1000 -> 243796.18 | E7: ='Table 3_Summary Statistics'!F9/'Table 3_Summary Statistics'!C36 -> 1.1466427
B9: National Capital Region (NCR) | C9: ='Table 3_Summary Statistics'!D11/'Table 3_Summary Statistics'!C11 -> 187.82827 | D9: =('Table 3_Summary Statistics'!D38/'Table 3_Summary Statistics'!E11)*1000 -> 258664.99 | E9: ='Table 3_Summary Statistics'!F11/'Table 3_Summary Statistics'!C38 -> 1.1026607
B10: Cordillera Administrative Region (CAR) | C10: ='Table 3_Summary Statistics'!D12/'Table 3_Summary Statistics'!C12 -> 47.019608 | D10: =('Table 3_Summary Statistics'!D39/'Table 3_Summary Statistics'!E12)*1000 -> 188838.51 | E10: ='Table 3_Summary Statistics'!F12/'Table 3_Summary Statistics'!C39 -> 1.1164113
B11: Region I (Ilocos Region) | C11: ='Table 3_Summary Statistics'!D13/'Table 3_Summary Statistics'!C13 -> 48.117647 | D11: =('Table 3_Summary Statistics'!D40/'Table 3_Summary Statistics'!E13)*1000 -> 207282.65 | E11: ='Table 3_Summary Statistics'!F13/'Table 3_Summary Statistics'!C40 -> 1.2762595
B12: Region II (Cagayan Valley) | C12: ='Table 3_Summary Statistics'!D14/'Table 3_Summary Statistics'!C14 -> 76.230769 | D12: =('Table 3_Summary Statistics'!D41/'Table 3_Summary Statistics'!E14)*1000 -> 205268.57 | E12: ='Table 3_Summary Statistics'!F14/'Table 3_Summary Statistics'!C41 -> 1.1088707
B13: Region III (Central Luzon) | C13: ='Table 3_Summary Statistics'!D15/'Table 3_Summary Statistics'!C15 -> 67.477273 | D13: =('Table 3_Summary Statistics'!D42/'Table 3_Summary Statistics'!E15)*1000 -> 223460.36 | E13: ='Table 3_Summary Statistics'!F15/'Table 3_Summary Statistics'!C42 -> 1.1893298
B14: Region IV-A (CALABARZON) | C14: ='Table 3_Summary Statistics'!D16/'Table 3_Summary Statistics'!C16 -> 117.72391 | D14: =('Table 3_Summary Statistics'!D43/'Table 3_Summary Statistics'!E16)*1000 -> 220613.59 | E14: ='Table 3_Summary Statistics'!F16/'Table 3_Summary Statistics'!C43 -> 1.135634
B15: MIMAROPA Region | C15: ='Table 3_Summary Statistics'!D17/'Table 3_Summary Statistics'!C17 -> 49.885714 | D15: =('Table 3_Summary Statistics'!D44/'Table 3_Summary Statistics'!E17)*1000 -> 193920.72 | E15: ='Table 3_Summary Statistics'!F17/'Table 3_Summary Statistics'!C44 -> 1.2666363
B16: Region V (Bicol Region) | C16: ='Table 3_Summary Statistics'!D18/'Table 3_Summary Statistics'!C18 -> 123.41071 | D16: =('Table 3_Summary Statistics'!D45/'Table 3_Summary Statistics'!E18)*1000 -> 219747.28 | E16: ='Table 3_Summary Statistics'!F18/'Table 3_Summary Statistics'!C45 -> 1.3477051
B17: Region VI (Western Visayas) | C17: ='Table 3_Summary Statistics'!D19/'Table 3_Summary Statistics'!C19 -> 95.401961 | D17: =('Table 3_Summary Statistics'!D46/'Table 3_Summary Statistics'!E19)*1000 -> 227513.49 | E17: ='Table 3_Summary Statistics'!F19/'Table 3_Summary Statistics'!C46 -> 1.142208
B18: Region VII (Central Visayas) | C18: ='Table 3_Summary Statistics'!D20/'Table 3_Summary Statistics'!C20 -> 89.759091 | D18: =('Table 3_Summary Statistics'!D47/'Table 3_Summary Statistics'!E20)*1000 -> 221957.74 | E18: ='Table 3_Summary Statistics'!F20/'Table 3_Summary Statistics'!C47 -> 1.119142
B19: Region VIII (Eastern Visayas) | C19: ='Table 3_Summary Statistics'!D21/'Table 3_Summary Statistics'!C21 -> 67.6375 | D19: =('Table 3_Summary Statistics'!D48/'Table 3_Summary Statistics'!E21)*1000 -> 224955.18 | E19: ='Table 3_Summary Statistics'!F21/'Table 3_Summary Statistics'!C48 -> 1.3581033
... B25: Bangsamoro Autonomous Region in Muslim Mindanao (BARMM) | C25: ='Table 3_Summary Statistics'!D27/'Table 3_Summary Statistics'!C27 -> 32.5 | D25: =('Table 3_Summary Statistics'!D54/'Table 3_Summary Statistics'!E27)*1000 -> 182384.62 | E25: ='Table 3_Summary Statistics'!F27/'Table 3_Summary Statistics'!C54 -> 1.0950525
A28: Source: Philippine Statistics Authority, 2022 Annual Survey of Philippine Business and Industry (Preliminary Results)
